{"cameraMode":{"drawMode":0,"name":"Shaded","section":"Shading Mode"},"sceneLighting":true,"audioPlay":false,"sceneViewState":{"m_AlwaysRefresh":false,"showFog":true,"showSkybox":true,"showFlares":true,"showImageEffects":true,"showParticleSystems":true,"showVisualEffectGraphs":true,"m_FxEnabled":true},"in2DMode":false,"pivot":{"x":609.0516357421875,"y":3.42024302482605,"z":421.86029052734377},"rotation":{"x":-0.10490217059850693,"y":0.16066908836364747,"z":-0.017175773158669473,"w":-0.9812689423561096},"size":2.3424246311187746,"orthographic":true}